"program","energy(J)","time(s)","avg_power(W)","avg_current(A)","avg_voltage(V)","size","correct","warnings","baseflags"
"slre",0.00851716700536864,0.6335952380952381,0.013442599459828,0.004399915903550223,3.055356159620904,71493,"1","","-O1"
"slre",0.008510404347436768,0.6335,0.01343394529982126,0.004400442486645902,3.0530227246501154,71493,"1","","-O1"
"slre",0.008521432721359388,0.633547619047619,0.013450342902668055,0.0044071172134839244,3.0521267530341003,71493,"1","","-O1"
