"program","energy(J)","time(s)","avg_power(W)","avg_current(A)","avg_voltage(V)","size","correct","warnings","baseflags"
"st",0.008642251175216265,0.6309880952380953,0.013696377539349965,0.004484343199028828,3.0543585736744854,74765,"1","","-O3"
"st",0.008678090078319822,0.6310476190476191,0.01375187833117388,0.004502621785125594,3.054294944277279,74765,"1","","-O3"
"st",0.008670310644762856,0.6309404761904762,0.013741883698939224,0.0044989605493735724,3.0545478857796846,74765,"1","","-O3"
