"program","energy(J)","time(s)","avg_power(W)","avg_current(A)","avg_voltage(V)","size","correct","warnings","baseflags"
"nettle-des",0.00732944499364921,0.5585833333333333,0.013121488874204165,0.004297656316601309,3.053296947928433,71180,"1","","-O1"
"nettle-des",0.007350287593603134,0.5585476190476191,0.01315964358801874,0.0043065822410575366,3.055826319905873,71180,"1","","-O1"
"nettle-des",0.00737049531008516,0.5585714285714286,0.013195260145932511,0.004321920331481777,3.053226371433424,71180,"1","","-O1"
