"program","energy(J)","time(s)","avg_power(W)","avg_current(A)","avg_voltage(V)","size","correct","warnings","baseflags"
"nettle-cast128",0.013994827464222908,0.9619047619047619,0.0145490780568654,0.004766022151531559,3.0527470110902692,71342,"1","","-O2"
"nettle-cast128",0.014020396476898874,0.9619047619047619,0.01457565970370675,0.004773509352278001,3.053533421884669,71342,"1","","-O2"
"nettle-cast128",0.014026245295745985,0.9619285714285715,0.014581379233715287,0.004773357116875974,3.054824662543161,71342,"1","","-O2"
