"program","energy(J)","time(s)","avg_power(W)","avg_current(A)","avg_voltage(V)","size","correct","warnings","baseflags"
"2dfir",0.005198968832577978,0.36141666666666666,0.014384972559588595,0.004712187000765836,3.0528247003565663,72241,"1","","-O2"
"2dfir",0.00519681650008474,0.3613928571428571,0.014379964621244464,0.004709427056311147,3.0535465847045162,72241,"1","","-O2"
"2dfir",0.005193503146341869,0.3613571428571429,0.014372216653248894,0.004707099777315181,3.0534103824866574,72241,"1","","-O2"
