"program","energy(J)","time(s)","avg_power(W)","avg_current(A)","avg_voltage(V)","size","correct","warnings","baseflags"
"2dfir",0.004512957327706473,0.3144642857142857,0.014351255556590715,0.004701629378726576,3.0525005767319704,72223,"1","","-O3"
"2dfir",0.004526356162599154,0.3144404761904762,0.014394953911268275,0.004715656633925529,3.0526864027952616,72223,"1","","-O3"
"2dfir",0.004542554432068552,0.3144404761904762,0.014446468492551332,0.004729275194151554,3.0547957378646404,72223,"1","","-O3"
