"program","energy(J)","time(s)","avg_power(W)","avg_current(A)","avg_voltage(V)","size","correct","warnings","baseflags"
"st",0.008889326216237885,0.6412857142857142,0.013861724997474983,0.004538660965084791,3.054275359733515,74749,"1","","-O1"
"st",0.008918841398784093,0.6413333333333333,0.013906717357771456,0.004552460124664714,3.054927099696387,74749,"1","","-O1"
"st",0.008913436584898403,0.6413333333333333,0.013898289893292727,0.004554659619967237,3.0516180951056437,74749,"1","","-O1"
