"program","energy(J)","time(s)","avg_power(W)","avg_current(A)","avg_voltage(V)","size","correct","warnings","baseflags"
"compress",0.007054506878512246,0.5142619047619048,0.013717731788393642,0.004489461588933516,3.0556673517690345,74586,"4294967295","","-O3"
"compress",0.007067331477233341,0.5142619047619048,0.013742669662660321,0.004497594900046009,3.055675286706705,74586,"4294967295","","-O3"
"compress",0.007068852843557085,0.5142261904761904,0.013746582679911915,0.004499912506149438,3.054983136521154,74586,"4294967295","","-O3"
