"program","energy(J)","time(s)","avg_power(W)","avg_current(A)","avg_voltage(V)","size","correct","warnings","baseflags"
"cnt",0.007118070217711585,0.534547619047619,0.013316063834300769,0.004358828497338649,3.0550654280780924,71452,"1","","-O1"
"cnt",0.007113173789211682,0.5345119047619048,0.013307793008614472,0.004358282574152542,3.0535574789214404,71452,"1","","-O1"
"cnt",0.0071430017666305815,0.5345119047619048,0.013363597149089485,0.004373377978386212,3.055776750317379,71452,"1","","-O1"
