"program","energy(J)","time(s)","avg_power(W)","avg_current(A)","avg_voltage(V)","size","correct","warnings","baseflags"
"sqrt",0.004551946261269705,0.3249166666666667,0.014009580696393038,0.004588964797235097,3.052971332650542,72991,"0","","-O1"
"sqrt",0.004556806118488311,0.3249166666666667,0.01402453793840978,0.004594086088065163,3.0528284066656286,72991,"0","","-O1"
"sqrt",0.004561980304547718,0.3249047619047619,0.014040977047560028,0.00459568265769273,3.0553339198242617,72991,"0","","-O1"
