"program","energy(J)","time(s)","avg_power(W)","avg_current(A)","avg_voltage(V)","size","correct","warnings","baseflags"
"sqrt",0.004562948721221515,0.32553571428571426,0.0140167377064402,0.004592125788535381,3.052428978246709,73007,"0","","-O2"
"sqrt",0.004554070161836487,0.32554761904761903,0.013988952446217544,0.004578106501522161,3.055695667042255,73007,"0","","-O2"
"sqrt",0.004562634593929563,0.32553571428571426,0.01401577275151155,0.0045912333293335154,3.0528108179340374,73007,"0","","-O2"
