"program","energy(J)","time(s)","avg_power(W)","avg_current(A)","avg_voltage(V)","size","correct","warnings","baseflags"
"sqrt",0.004561837749992098,0.32479761904761906,0.014045169922638134,0.004596139881061467,3.0559426099242204,73007,"0","","-O3"
"sqrt",0.00458154690691403,0.3247738095238095,0.01410688538472851,0.004618323571407298,3.0546319439353398,73007,"0","","-O3"
"sqrt",0.004557724123937743,0.32475,0.0140345623523872,0.004597802954539205,3.052528172426592,73007,"0","","-O3"
