"program","energy(J)","time(s)","avg_power(W)","avg_current(A)","avg_voltage(V)","size","correct","warnings","baseflags"
"expint",0.006384168661747659,0.4884047619047619,0.013071470959557437,0.004277911820590906,3.05570822989918,70833,"1","","-O2"
"expint",0.0063905981198378965,0.48842857142857143,0.013083997320522163,0.004285319200835405,3.0533556875411305,70833,"1","","-O2"
"expint",0.00636994578557355,0.48839285714285713,0.013042667787646026,0.0042704399708638026,3.0542999100205668,70833,"1","","-O2"
