"program","energy(J)","time(s)","avg_power(W)","avg_current(A)","avg_voltage(V)","size","correct","warnings","baseflags"
"nettle-des",0.0066604516673939565,0.4916547619047619,0.01354700937216621,0.004438166916117823,3.0524681074867126,71268,"1","","-O2"
"nettle-des",0.006662749604753085,0.4916547619047619,0.01355168325623524,0.00443513997198782,3.0556007499235758,71268,"1","","-O2"
"nettle-des",0.006659893492289951,0.49164285714285716,0.013546202076428782,0.00443665339990738,3.053317254978298,71268,"1","","-O2"
