"program","energy(J)","time(s)","avg_power(W)","avg_current(A)","avg_voltage(V)","size","correct","warnings","baseflags"
"aha-compress",0.006413787787556648,0.4790357142857143,0.013388955345678532,0.004383534091809252,3.054461069717811,70709,"1","","-O1"
"aha-compress",0.006438474664602961,0.4790952380952381,0.01343881999370462,0.004399377056789521,3.054806391461305,70709,"1","","-O1"
"aha-compress",0.006424536612204142,0.47908333333333336,0.013410060766472378,0.004393593950927801,3.052269765859901,70709,"1","","-O1"
