"program","energy(J)","time(s)","avg_power(W)","avg_current(A)","avg_voltage(V)","size","correct","warnings","baseflags"
"bubblesort",0.008993593079107147,0.6166666666666667,0.014584204993146724,0.004777019768792229,3.053098182236366,71202,"1","","-O2"
"bubblesort",0.009010837977954319,0.6166785714285714,0.01461188761120756,0.004785969250865089,3.0531767040271904,71202,"1","","-O2"
"bubblesort",0.009029182420032365,0.6165952380952381,0.014643613609350865,0.004794737004256043,3.054215650657533,71202,"1","","-O2"
