"program","energy(J)","time(s)","avg_power(W)","avg_current(A)","avg_voltage(V)","size","correct","warnings","baseflags"
"newlib-sqrt",0.006943797000135694,0.5213690476190476,0.013318391323470678,0.0043608450281496175,3.0541608207450905,71958,"1","","-O1"
"newlib-sqrt",0.0069547814818790975,0.5213809523809524,0.013339155276231715,0.004368239585771246,3.0537420654854324,71958,"1","","-O1"
"newlib-sqrt",0.006962728243895939,0.5213452380952381,0.013355311864618975,0.004373833178069269,3.0535485636081967,71958,"1","","-O1"
