"program","energy(J)","time(s)","avg_power(W)","avg_current(A)","avg_voltage(V)","size","correct","warnings","baseflags"
"qurt",0.0069776860440628865,0.4975952380952381,0.014022815151473335,0.004591175606675259,3.054421689397519,72788,"4294967295","","-O1"
"qurt",0.0069895842121328626,0.49760714285714286,0.01404639043563627,0.004603461165151978,3.05139341513852,72788,"4294967295","","-O1"
"qurt",0.007009690592714718,0.4975952380952381,0.014087133589837703,0.004613671496505514,3.0534561429561524,72788,"4294967295","","-O1"
