"program","energy(J)","time(s)","avg_power(W)","avg_current(A)","avg_voltage(V)","size","correct","warnings","baseflags"
"qurt",0.007099537522877965,0.4991785714285714,0.014222440483693427,0.004655734295069578,3.054937806586267,72804,"4294967295","","-O3"
"qurt",0.007103299753751073,0.4992261904761905,0.014228619990821274,0.004661250530955645,3.052650889210981,72804,"4294967295","","-O3"
"qurt",0.007124256393057959,0.4992261904761905,0.01427059823576651,0.004674162883219566,3.0532065412804044,72804,"4294967295","","-O3"
