"program","energy(J)","time(s)","avg_power(W)","avg_current(A)","avg_voltage(V)","size","correct","warnings","baseflags"
"fasta",0.0066331789852891645,0.5213809523809524,0.012722327033616993,0.004162995898241277,3.0561775739187085,74118,"4294967295","","-O3"
"fasta",0.006629091155188424,0.5214642857142857,0.012712454787019784,0.004163857904103315,3.0531681129503117,74118,"4294967295","","-O3"
"fasta",0.006648728853719575,0.5213809523809524,0.01275215142278848,0.004173565477048417,3.055580846424331,74118,"4294967295","","-O3"
