"program","energy(J)","time(s)","avg_power(W)","avg_current(A)","avg_voltage(V)","size","correct","warnings","baseflags"
"janne_complex",0.0016367991869790212,0.11948809523809524,0.013698428983385252,0.0044842928819617415,3.054842687524908,70748,"1","","-O1"
"janne_complex",0.0016434714360748018,0.11948809523809524,0.013754269266741392,0.004502255716349507,3.055048615046204,70748,"1","","-O1"
"janne_complex",0.0016379880321877342,0.11948809523809524,0.013708378470037827,0.004491426643294809,3.052192191625361,70748,"1","","-O1"
