"program","energy(J)","time(s)","avg_power(W)","avg_current(A)","avg_voltage(V)","size","correct","warnings","baseflags"
"prime",0.004555734975252832,0.4200714285714286,0.01084514362413529,0.0035488901461007906,3.0560986668535324,70883,"1","","-O1"
"prime",0.004553865265335355,0.4200595238095238,0.010840999923144957,0.003549882043095508,3.0540806944788863,70883,"1","","-O1"
"prime",0.00456469869681767,0.4200595238095238,0.010866790152548796,0.003554581084162888,3.0572829670451327,70883,"1","","-O1"
