"program","energy(J)","time(s)","avg_power(W)","avg_current(A)","avg_voltage(V)","size","correct","warnings","baseflags"
"fdct",0.006154597371646336,0.42673809523809525,0.014422423121639574,0.0047237945830776095,3.0532492729314287,70826,"0","","-O3"
"fdct",0.0061627717993089125,0.42673809523809525,0.014441578729619724,0.004731103273159836,3.0525905304985215,70826,"0","","-O3"
"fdct",0.006157851195420537,0.42675,0.014429645449140098,0.004723513245093731,3.0549608786561637,70826,"0","","-O3"
