"program","energy(J)","time(s)","avg_power(W)","avg_current(A)","avg_voltage(V)","size","correct","warnings","baseflags"
"trio-snprintf",0.003618373601010867,0.29354761904761906,0.012326359902867744,0.004035570867276847,3.0545506671896545,73343,"4294967295","","-O2"
"trio-snprintf",0.003646434896247727,0.2935833333333333,0.012420442451028309,0.004062835407500709,3.0572147974978203,73343,"4294967295","","-O2"
"trio-snprintf",0.0036334120171410693,0.2935595238095238,0.012377087855949138,0.004048736286383774,3.057152430242254,73343,"4294967295","","-O2"
