"program","energy(J)","time(s)","avg_power(W)","avg_current(A)","avg_voltage(V)","size","correct","warnings","baseflags"
"trio-snprintf",0.003601362689903804,0.289797619047619,0.01242716452170725,0.00406951020474315,3.0538495409357926,73238,"4294967295","","-O3"
"trio-snprintf",0.003602696960398129,0.2898095238095238,0.012431257996773038,0.004071310684550094,3.053506751535286,73238,"4294967295","","-O3"
"trio-snprintf",0.0036241714972257612,0.289797619047619,0.012505870507618781,0.004095036504654829,3.0540405368714825,73238,"4294967295","","-O3"
