"program","energy(J)","time(s)","avg_power(W)","avg_current(A)","avg_voltage(V)","size","correct","warnings","baseflags"
"recursion",0.008591000591857093,0.6846904761904762,0.012547276310393918,0.004108444825662013,3.0541140492695256,70784,"1","","-O1"
"recursion",0.008622597281251634,0.684702380952381,0.012593204757456962,0.004120902054083717,3.0560275801013868,70784,"1","","-O1"
"recursion",0.008622765161480223,0.6847142857142857,0.012593230989017642,0.00412231190627934,3.054986219527501,70784,"1","","-O1"
