"program","energy(J)","time(s)","avg_power(W)","avg_current(A)","avg_voltage(V)","size","correct","warnings","baseflags"
"minver",0.007369870307104928,0.518095238095238,0.01422493349716944,0.004656056684606215,3.0552397559670843,72281,"4294967295","","-O2"
"minver",0.007356445046322686,0.518095238095238,0.014199020769556656,0.004647658404181985,3.055179438871496,72281,"4294967295","","-O2"
"minver",0.007365273860437529,0.5181904761904762,0.014213448912809052,0.004652618425029578,3.055023243838736,72281,"4294967295","","-O2"
