"program","energy(J)","time(s)","avg_power(W)","avg_current(A)","avg_voltage(V)","size","correct","warnings","baseflags"
"minver",0.006862082082203456,0.484,0.014177855541742678,0.004644600283860316,3.052626860887692,72269,"4294967295","","-O3"
"minver",0.006890853708897317,0.48395238095238097,0.014238701946949095,0.004665876150389279,3.0517514105048646,72269,"4294967295","","-O3"
"minver",0.006890027412772178,0.4839880952380952,0.014235943984082228,0.004663862527479707,3.0524764644954496,72269,"4294967295","","-O3"
