"program","energy(J)","time(s)","avg_power(W)","avg_current(A)","avg_voltage(V)","size","correct","warnings","baseflags"
"sglib-arrayquicksort",0.0048835838862827845,0.34291666666666665,0.014241313884664257,0.004666686556153445,3.0518310589253166,71473,"4294967295","","-O1"
"sglib-arrayquicksort",0.0048964794899736125,0.3429047619047619,0.014279415260303551,0.004677199713472954,3.0531269291211722,71473,"4294967295","","-O1"
"sglib-arrayquicksort",0.004925967880572591,0.3428809523809524,0.014366408651069288,0.004702199296598326,3.0554046810985347,71473,"4294967295","","-O1"
