"program","energy(J)","time(s)","avg_power(W)","avg_current(A)","avg_voltage(V)","size","correct","warnings","baseflags"
"sglib-arrayquicksort",0.005016405548112733,0.35436904761904764,0.014155879532417428,0.004637231652816038,3.052826053835833,71489,"4294967295","","-O3"
"sglib-arrayquicksort",0.005027303338050842,0.35435714285714287,0.014187108795144484,0.004645198859699406,3.0543022686328363,71489,"4294967295","","-O3"
"sglib-arrayquicksort",0.005020707726563726,0.3543928571428571,0.014167068058428331,0.0046424155450090696,3.051819862551018,71489,"4294967295","","-O3"
