"program","energy(J)","time(s)","avg_power(W)","avg_current(A)","avg_voltage(V)","size","correct","warnings","baseflags"
"aha-compress",0.006429987672737666,0.4583690476190476,0.01402797092460234,0.004590557726427162,3.055949932066982,70725,"1","","-O2"
"aha-compress",0.006435623928819384,0.45839285714285716,0.014039537982621171,0.004599437420870666,3.0525773717496105,70725,"1","","-O2"
"aha-compress",0.006446436694264411,0.45839285714285716,0.014063126407433076,0.004601861517578886,3.0560835240553175,70725,"1","","-O2"
