"program","energy(J)","time(s)","avg_power(W)","avg_current(A)","avg_voltage(V)","size","correct","warnings","baseflags"
"sglib-arrayheapsort",0.003564272819331714,0.26361904761904764,0.013520543570441832,0.004426507894703418,3.0545447906317738,71489,"4294967295","","-O2"
"sglib-arrayheapsort",0.0035718020577090127,0.26361904761904764,0.013549104626425083,0.004438650539155641,3.052613980508264,71489,"4294967295","","-O2"
"sglib-arrayheapsort",0.0035766228065320423,0.26361904761904764,0.013567391426512443,0.004439582604204299,3.0560877584997628,71489,"4294967295","","-O2"
