"program","energy(J)","time(s)","avg_power(W)","avg_current(A)","avg_voltage(V)","size","correct","warnings","baseflags"
"ctl-stack",0.011569953014935765,0.9277261904761904,0.012471301482819032,0.004079649524727637,3.057125466370029,74239,"1","","-O2"
"ctl-stack",0.011551038995555468,0.9278571428571428,0.012449156731160628,0.004075370853180331,3.0548958746812453,74239,"1","","-O2"
"ctl-stack",0.0115408975566285,0.9278452380952381,0.012438386363140328,0.004070109491677787,3.0561929654621722,74239,"1","","-O2"
