"program","energy(J)","time(s)","avg_power(W)","avg_current(A)","avg_voltage(V)","size","correct","warnings","baseflags"
"ndes",0.012931699025375502,1.0117619047619049,0.012781365817898316,0.004182809379154998,3.0557932282535476,71726,"1","","-O1"
"ndes",0.012950898711000169,1.0117619047619049,0.012800342303901893,0.00418920630706688,3.0556608393887226,71726,"1","","-O1"
"ndes",0.012939914584585597,1.0117738095238096,0.012789335385816872,0.004187440513901063,3.0543197306691896,71726,"1","","-O1"
