"program","energy(J)","time(s)","avg_power(W)","avg_current(A)","avg_voltage(V)","size","correct","warnings","baseflags"
"levenshtein",0.0045866059868676316,0.34064285714285714,0.013464559407873106,0.00441168201372143,3.0521203119266356,70811,"1","","-O3"
"levenshtein",0.004602975475277219,0.34063095238095237,0.013513086356666076,0.00442375849974225,3.0547682516469785,70811,"1","","-O3"
"levenshtein",0.004598732585651534,0.34060714285714283,0.013501574121657015,0.004419728651403743,3.054950353721034,70811,"1","","-O3"
