"program","energy(J)","time(s)","avg_power(W)","avg_current(A)","avg_voltage(V)","size","correct","warnings","baseflags"
"dtoa",0.008121212233645574,0.6119166666666667,0.013271761787245933,0.004343032449514601,3.0559963247766335,78336,"1","","-O1"
"dtoa",0.008116799023236547,0.6118571428571429,0.013265840103351816,0.004341689596770663,3.055563624540334,78336,"1","","-O1"
"dtoa",0.008122833868094852,0.6118214285714285,0.013276478215320523,0.00434830457440094,3.0533696166215485,78336,"1","","-O1"
