"program","energy(J)","time(s)","avg_power(W)","avg_current(A)","avg_voltage(V)","size","correct","warnings","baseflags"
"compress",0.008674215026838438,0.660047619047619,0.013141801858712015,0.004301753144924383,3.055154495343838,41770,"4294967295","","-O1"
"compress",0.008681953556707927,0.6601071428571429,0.013152339965796784,0.004307924268669182,3.0532277020606773,41770,"4294967295","","-O1"
"compress",0.008681029815418378,0.6600357142857143,0.013152363769910427,0.004307195724240436,3.053756566076308,41770,"4294967295","","-O1"
