"program","energy(J)","time(s)","avg_power(W)","avg_current(A)","avg_voltage(V)","size","correct","warnings","baseflags"
"sqrt",0.0046142842225517545,0.32492857142857146,0.014200918688882075,0.00465379045360244,3.0516071634047317,72991,"0","","-O1"
"sqrt",0.004639564742956842,0.32492857142857146,0.014278722005143062,0.004673953388622499,3.0551047770629536,72991,"0","","-O1"
"sqrt",0.004618261125172887,0.32492857142857146,0.014213158002290704,0.004656259767771763,3.0526229579990107,72991,"0","","-O1"
