"program","energy(J)","time(s)","avg_power(W)","avg_current(A)","avg_voltage(V)","size","correct","warnings","baseflags"
"sqrt",0.004623096640195165,0.32554761904761903,0.014200984340539527,0.004648131453754662,3.0553383214466923,73007,"0","","-O2"
"sqrt",0.004643746099131448,0.3255595238095238,0.014263892651005288,0.0046717684769467405,3.0533604970094985,73007,"0","","-O2"
"sqrt",0.004640838165879249,0.32553571428571426,0.014256003142580251,0.0046714812679991774,3.0518564329916344,73007,"0","","-O2"
