"program","energy(J)","time(s)","avg_power(W)","avg_current(A)","avg_voltage(V)","size","correct","warnings","baseflags"
"sglib-arrayheapsort",0.0036302822480882915,0.2636071428571429,0.013771562518150949,0.004508057136778553,3.055025479800332,71489,"4294967295","","-O2"
"sglib-arrayheapsort",0.003644323692747525,0.2636071428571429,0.013824829074235292,0.0045283240171131965,3.0531387732226323,71489,"4294967295","","-O2"
"sglib-arrayheapsort",0.0036551472582987375,0.2635952380952381,0.013866514754633455,0.004538197345542408,3.055674250646396,71489,"4294967295","","-O2"
