"program","energy(J)","time(s)","avg_power(W)","avg_current(A)","avg_voltage(V)","size","correct","warnings","baseflags"
"jfdctint",0.005024114869236946,0.35736904761904764,0.014058617842563157,0.004604438835872697,3.0533824020828475,71000,"1","","-O1"
"jfdctint",0.005040003816144807,0.3574047619047619,0.014101669460934108,0.004620542754323912,3.0520733363241956,71000,"1","","-O1"
"jfdctint",0.0050494583709750854,0.35741666666666666,0.014127652238680585,0.004625201082815674,3.0546060357632063,71000,"1","","-O1"
