"program","energy(J)","time(s)","avg_power(W)","avg_current(A)","avg_voltage(V)","size","correct","warnings","baseflags"
"fac",0.006863183840172631,0.5453214285714286,0.0125855751866418,0.004119006506749787,3.055603686902384,70562,"1","","-O1"
"fac",0.006861018319896289,0.5452857142857143,0.012582428147569826,0.004121223911428314,3.0532049389450155,70562,"1","","-O1"
"fac",0.006901338232244763,0.5453095238095238,0.012655818266352882,0.004141449319719305,3.056020439803192,70562,"1","","-O1"
