"program","energy(J)","time(s)","avg_power(W)","avg_current(A)","avg_voltage(V)","size","correct","warnings","baseflags"
"trio-sscanf",0.003976327555009296,0.30605952380952384,0.012992007258966933,0.00425528192340231,3.0532467768765317,74728,"1","","-O2"
"trio-sscanf",0.0039923365762404035,0.30607142857142855,0.013043806783515905,0.0042681393350714695,3.0561937080659276,74728,"1","","-O2"
"trio-sscanf",0.0039819803220033645,0.30605952380952384,0.013010476760989638,0.004259439027918238,3.054610200039383,74728,"1","","-O2"
