"program","energy(J)","time(s)","avg_power(W)","avg_current(A)","avg_voltage(V)","size","correct","warnings","baseflags"
"nsichneu",0.005620491874388286,0.4169404761904762,0.0134803220012168,0.004413255552601148,3.054586687342068,70958,"1","","-O3"
"nsichneu",0.005633349270650318,0.4169761904761905,0.0135100022478909,0.004422048197232057,3.0552248519403444,70958,"1","","-O3"
"nsichneu",0.005619699962394578,0.4169880952380952,0.013476883456794602,0.0044143495274627425,3.0530502446104077,70958,"1","","-O3"
