"program","energy(J)","time(s)","avg_power(W)","avg_current(A)","avg_voltage(V)","size","correct","warnings","baseflags"
"slre",0.00645812433038439,0.48154761904761906,0.01341118525963631,0.004392916119437577,3.0530084402039557,71446,"1","","-O3"
"slre",0.00646880378978593,0.4815714285714286,0.01343269846588594,0.004395625573596485,3.056019953046203,71446,"1","","-O3"
"slre",0.006481059897116252,0.4815595238095238,0.01345848140609046,0.0044079625754771205,3.0533196461845815,71446,"1","","-O3"
