"program","energy(J)","time(s)","avg_power(W)","avg_current(A)","avg_voltage(V)","size","correct","warnings","baseflags"
"ctl-stack",0.01144552556506225,0.9279166666666666,0.012334648116816076,0.004038894174678459,3.0540962502606006,74239,"1","","-O2"
"ctl-stack",0.011451024887987545,0.9279285714285714,0.012340416321439892,0.004038054365161458,3.0561619470029733,74239,"1","","-O2"
"ctl-stack",0.01143924942101751,0.9279285714285714,0.012327726263893859,0.004035266414909841,3.055128948947829,74239,"1","","-O2"
