"program","energy(J)","time(s)","avg_power(W)","avg_current(A)","avg_voltage(V)","size","correct","warnings","baseflags"
"ctl-stack",0.00614420468202659,0.4600238095238095,0.01335627538145628,0.004375408143584053,3.0526982865146732,74239,"1","","-O3"
"ctl-stack",0.006157092079945973,0.46004761904761904,0.013383597316930488,0.0043798210255392165,3.055859620126184,74239,"1","","-O3"
"ctl-stack",0.0061527909342731744,0.4600595238095238,0.013373901888444732,0.004380907388164704,3.05288739800993,74239,"1","","-O3"
