"program","energy(J)","time(s)","avg_power(W)","avg_current(A)","avg_voltage(V)","size","correct","warnings","baseflags"
"nettle-arcfour",0.005797347648228917,0.4573809523809524,0.01267509636780919,0.004148463045166906,3.0556980337592727,71108,"1","","-O1"
"nettle-arcfour",0.0057914148501838954,0.45735714285714285,0.012662784304634474,0.0041481669359089484,3.052948050474387,71108,"1","","-O1"
"nettle-arcfour",0.005816317574807575,0.4573452380952381,0.012717564523097491,0.004162126813162142,3.0558818234562497,71108,"1","","-O1"
