"program","energy(J)","time(s)","avg_power(W)","avg_current(A)","avg_voltage(V)","size","correct","warnings","baseflags"
"matmult-float",0.00759508657004152,0.5331190476190476,0.014246511363572143,0.004665107994527656,3.0539103846132374,73354,"1","","-O2"
"matmult-float",0.007626784850529262,0.5331071428571429,0.014306288994092538,0.004685473536314229,3.0534086198666843,73354,"1","","-O2"
"matmult-float",0.007627538311396326,0.5330952380952381,0.014308021843619729,0.0046869880570637006,3.0527870086220132,73354,"1","","-O2"
