"program","energy(J)","time(s)","avg_power(W)","avg_current(A)","avg_voltage(V)","size","correct","warnings","baseflags"
"trio-sscanf",0.003928718119689396,0.2906666666666667,0.013516232063151591,0.004428943319058199,3.0520081326345943,74558,"1","","-O3"
"trio-sscanf",0.003960417384675571,0.2906309523809524,0.013626963515862367,0.004461066345607361,3.054851327129757,74558,"1","","-O3"
"trio-sscanf",0.003933803392818996,0.29067857142857145,0.013533172994094098,0.004429534038464492,3.0554049536759735,74558,"1","","-O3"
