"program","energy(J)","time(s)","avg_power(W)","avg_current(A)","avg_voltage(V)","size","correct","warnings","baseflags"
"qrduino",0.0052366138603857585,0.41277380952380954,0.012686400492383228,0.004151918853917313,3.0556563734750384,75499,"1","","-O1"
"qrduino",0.005232370147449629,0.4127619047619048,0.012676485128800439,0.004151472893518185,3.053595570633364,75499,"1","","-O1"
"qrduino",0.005232500046576772,0.4127619047619048,0.012676799835961261,0.0041514906379337075,3.05365146554226,75499,"1","","-O1"
