"program","energy(J)","time(s)","avg_power(W)","avg_current(A)","avg_voltage(V)","size","correct","warnings","baseflags"
"ud",0.011043254482575825,0.8527738095238095,0.012949804929800083,0.004238734065370535,3.0552043011884362,73098,"4294967295","","-O1"
"ud",0.011069259814023971,0.852845238095238,0.01297921278044101,0.004247013045661232,3.056169219814364,73098,"4294967295","","-O1"
"ud",0.01108805891581944,0.8528690476190476,0.013000892630321089,0.004252930437223447,3.0570186151152097,73098,"4294967295","","-O1"
