"program","energy(J)","time(s)","avg_power(W)","avg_current(A)","avg_voltage(V)","size","correct","warnings","baseflags"
"ud",0.009790169537237712,0.7473690476190477,0.013099511638095028,0.004286049185809546,3.056428906050889,73114,"4294967295","","-O2"
"ud",0.009774746632065092,0.7474404761904762,0.013077625501209967,0.004278390616911882,3.056767484022856,73114,"4294967295","","-O2"
"ud",0.009773794969746044,0.7474642857142857,0.013075935742409539,0.004280184222176764,3.0550982777709756,73114,"4294967295","","-O2"
